{"n_batches_test": 351, "t_batches_test": 8.211448431015015, "mse_test": 0.6082180738449097, "mae_test": 0.7065180540084839, "mape_test": 0.5169364809989929}