{"n_batches_test": 218, "t_batches_test": 4.46140456199646, "mse_test": 0.18692675232887268, "mae_test": 0.32759878039360046, "mape_test": 2.3277969360351562}