{"n_batches_train": 3414, "t_batches_train": 232.30059123039246, "peak_mem_usage_train": 6062.0, "num_params": 22176577}{"n_batches_train": 3414, "t_batches_train": 232.75781869888306, "peak_mem_usage_train": 6062.0, "num_params": 22176577}