{"n_batches_test": 163, "t_batches_test": 4.237097978591919, "mse_test": 0.8783775568008423, "mae_test": 0.7673728466033936, "mape_test": 3.220552682876587}
