{"n_batches_test": 84, "t_batches_test": 9.164014101028442, "mse_test": 0.2106180191040039, "mae_test": 0.3757331073284149, "mape_test": 0.29027971625328064}
