{"n_batches_test": 89, "t_batches_test": 1.4107532501220703, "mse_test": 0.6906031370162964, "mae_test": 0.6681787967681885, "mape_test": 6.379796981811523}
