{"n_batches_test": 357, "t_batches_test": 7.255156755447388, "mse_test": 0.9619384407997131, "mae_test": 0.735280454158783, "mape_test": 2.6306118965148926}