{"n_batches_test": 88, "t_batches_test": 0.667252779006958, "mse_test": 0.8305708765983582, "mae_test": 0.6831057071685791, "mape_test": 11.736223220825195}