{"n_batches_test": 213, "t_batches_test": 5.885808229446411, "mse_test": 0.5892904996871948, "mae_test": 0.5679203867912292, "mape_test": 2.0579113960266113}