{"n_batches_test": 79, "t_batches_test": 4.241666555404663, "mse_test": 0.84808748960495, "mae_test": 0.7217444181442261, "mape_test": 19.262256622314453}
