{"n_batches_test": 84, "t_batches_test": 3.1484298706054688, "mse_test": 3.4295811653137207, "mae_test": 1.5348488092422485, "mape_test": 6.300762176513672}