{"n_batches_test": 88, "t_batches_test": 0.7975172996520996, "mse_test": 0.6864404678344727, "mae_test": 0.6312776803970337, "mape_test": 10.57559871673584}