{"n_batches_test": 79, "t_batches_test": 2.7921087741851807, "mse_test": 0.2805526852607727, "mae_test": 0.42748287320137024, "mape_test": 1.2547779083251953}