{"n_batches_test": 84, "t_batches_test": 1.6071598529815674, "mse_test": 0.40612342953681946, "mae_test": 0.5177384614944458, "mape_test": 1.249720811843872}