{"n_batches_test": 79, "t_batches_test": 4.088255405426025, "mse_test": 0.9119586944580078, "mae_test": 0.7650680541992188, "mape_test": 19.61466407775879}
