{"n_batches_test": 339, "t_batches_test": 11.404343366622925, "mse_test": 0.3776666224002838, "mae_test": 0.5495248436927795, "mape_test": 0.38926568627357483}