{"n_batches_test": 84, "t_batches_test": 1.848949670791626, "mse_test": 0.3187962770462036, "mae_test": 0.45829281210899353, "mape_test": 1.5607789754867554}