{"n_batches_test": 357, "t_batches_test": 6.908688306808472, "mse_test": 0.7558386921882629, "mae_test": 0.8080699443817139, "mape_test": 0.6022422313690186}