{"n_batches_test": 67, "t_batches_test": 3.4759414196014404, "mse_test": 0.28230127692222595, "mae_test": 0.4336271584033966, "mape_test": 1.090873122215271}