{"n_batches_test": 339, "t_batches_test": 10.564371824264526, "mse_test": 1.0314701795578003, "mae_test": 0.9546756744384766, "mape_test": 0.6843057870864868}