{"n_batches_test": 79, "t_batches_test": 10.092692852020264, "mse_test": 5.777693748474121, "mae_test": 2.011849880218506, "mape_test": 9.070770263671875}
