{"n_batches_test": 196, "t_batches_test": 12.931891679763794, "mse_test": 0.2881745398044586, "mae_test": 0.40759801864624023, "mape_test": 4.578725814819336}