{"n_batches_test": 196, "t_batches_test": 12.676759719848633, "mse_test": 0.2987056374549866, "mae_test": 0.42324772477149963, "mape_test": 5.29541540145874}