{"n_batches_test": 84, "t_batches_test": 10.738744974136353, "mse_test": 3.3167567253112793, "mae_test": 1.6071137189865112, "mape_test": 10.188944816589355}
