{"n_batches_test": 79, "t_batches_test": 2.6151928901672363, "mse_test": 3.8402671813964844, "mae_test": 1.7084870338439941, "mape_test": 10.174625396728516}