{"n_batches_test": 88, "t_batches_test": 1.3230688571929932, "mse_test": 0.8251994848251343, "mae_test": 0.6917046308517456, "mape_test": 13.256258964538574}
