{"n_batches_test": 89, "t_batches_test": 1.066669225692749, "mse_test": 0.5456103682518005, "mae_test": 0.596209704875946, "mape_test": 4.343366622924805}
