{"n_batches_test": 351, "t_batches_test": 11.896148920059204, "mse_test": 1.0217286348342896, "mae_test": 0.7490631341934204, "mape_test": 3.0267133712768555}