{"n_batches_test": 359, "t_batches_test": 6.575758218765259, "mse_test": 0.7221717238426208, "mae_test": 0.6300226449966431, "mape_test": 2.4982829093933105}