{"n_batches_test": 358, "t_batches_test": 4.086663246154785, "mse_test": 0.02611270360648632, "mae_test": 0.12231310456991196, "mape_test": 0.0951540395617485}