{"n_batches_test": 208, "t_batches_test": 8.965490341186523, "mse_test": 0.28661277890205383, "mae_test": 0.41155871748924255, "mape_test": 5.97160530090332}