{"n_batches_test": 89, "t_batches_test": 7.461653470993042, "mse_test": 0.08179906010627747, "mae_test": 0.22376494109630585, "mape_test": 0.177217498421669}
