{"n_batches_test": 89, "t_batches_test": 1.526928186416626, "mse_test": 0.0657324567437172, "mae_test": 0.21102295815944672, "mape_test": 0.18383783102035522}