{"n_batches_test": 208, "t_batches_test": 8.129186153411865, "mse_test": 0.2710155248641968, "mae_test": 0.3887960910797119, "mape_test": 4.9028401374816895}