{"n_batches_test": 88, "t_batches_test": 7.507573366165161, "mse_test": 0.15625247359275818, "mae_test": 0.3191440999507904, "mape_test": 0.23542475700378418}
