{"n_batches_test": 88, "t_batches_test": 1.6020467281341553, "mse_test": 0.3722001910209656, "mae_test": 0.5479108095169067, "mape_test": 0.3988718092441559}