{"n_batches_test": 351, "t_batches_test": 9.30841875076294, "mse_test": 0.3667944669723511, "mae_test": 0.5420041680335999, "mape_test": 0.3863379955291748}