{"n_batches_test": 359, "t_batches_test": 4.042696475982666, "mse_test": 0.014051087200641632, "mae_test": 0.09022011607885361, "mape_test": 0.07359891384840012}