{"n_batches_test": 79, "t_batches_test": 1.1876838207244873, "mse_test": 1.1211110353469849, "mae_test": 0.8515526652336121, "mape_test": 19.522480010986328}