{"n_batches_test": 217, "t_batches_test": 5.678116083145142, "mse_test": 0.23299859464168549, "mae_test": 0.3598354458808899, "mape_test": 2.7004234790802}