{"n_batches_test": 88, "t_batches_test": 5.772277355194092, "mse_test": 0.11761675029993057, "mae_test": 0.27580174803733826, "mape_test": 0.20142166316509247}
