{"n_batches_test": 141, "t_batches_test": 20.48233127593994, "mse_test": 0.938899576663971, "mae_test": 0.7924716472625732, "mape_test": 3.4554848670959473}