{"n_batches_test": 351, "t_batches_test": 10.051541328430176, "mse_test": 1.105918049812317, "mae_test": 0.7898776531219482, "mape_test": 2.5209434032440186}