{"n_batches_test": 79, "t_batches_test": 8.585919857025146, "mse_test": 0.31085363030433655, "mae_test": 0.4836263060569763, "mape_test": 0.3382866382598877}
