{"n_batches_test": 79, "t_batches_test": 1.3174645900726318, "mse_test": 0.913952648639679, "mae_test": 0.7628284096717834, "mape_test": 15.87181282043457}