{"n_batches_test": 339, "t_batches_test": 14.791895389556885, "mse_test": 0.9478316903114319, "mae_test": 0.7124366760253906, "mape_test": 2.4754478931427}