{"n_batches_test": 358, "t_batches_test": 3.0034942626953125, "mse_test": 0.5303423404693604, "mae_test": 0.6856095790863037, "mape_test": 0.5113946795463562}