{"n_batches_test": 159, "t_batches_test": 7.722833156585693, "mse_test": 1.0949476957321167, "mae_test": 0.8260318040847778, "mape_test": 5.418102264404297}