{"n_batches_test": 89, "t_batches_test": 0.9903213977813721, "mse_test": 0.11710233986377716, "mae_test": 0.26801031827926636, "mape_test": 0.8313601016998291}