{"n_batches_test": 67, "t_batches_test": 3.618626832962036, "mse_test": 0.2653578221797943, "mae_test": 0.41937610507011414, "mape_test": 1.108716368675232}