{"n_batches_test": 213, "t_batches_test": 6.784066915512085, "mse_test": 0.6102887392044067, "mae_test": 0.5821467638015747, "mape_test": 2.046949625015259}