{"n_batches_test": 88, "t_batches_test": 2.3708291053771973, "mse_test": 2.0852904319763184, "mae_test": 1.1909162998199463, "mape_test": 11.518111228942871}
