{"n_batches_test": 196, "t_batches_test": 13.418703079223633, "mse_test": 0.6282446980476379, "mae_test": 0.5915477275848389, "mape_test": 1.9805177450180054}