{"n_batches_test": 88, "t_batches_test": 1.1205968856811523, "mse_test": 2.556507110595703, "mae_test": 1.330759048461914, "mape_test": 12.606706619262695}