{"n_batches_test": 79, "t_batches_test": 2.2880642414093018, "mse_test": 0.10320418328046799, "mae_test": 0.2540489733219147, "mape_test": 0.19939376413822174}