{"n_batches_test": 89, "t_batches_test": 1.01951265335083, "mse_test": 0.405079185962677, "mae_test": 0.4970499575138092, "mape_test": 3.173610210418701}