{"n_batches_test": 208, "t_batches_test": 9.981709241867065, "mse_test": 0.6123033165931702, "mae_test": 0.5892212986946106, "mape_test": 2.2677505016326904}