{"n_batches_test": 217, "t_batches_test": 2.8620331287384033, "mse_test": 0.4592285454273224, "mae_test": 0.4867766499519348, "mape_test": 1.7234665155410767}