{"n_batches_test": 79, "t_batches_test": 2.5466465950012207, "mse_test": 0.36037373542785645, "mae_test": 0.4871588945388794, "mape_test": 0.8973870873451233}