{"n_batches_test": 217, "t_batches_test": 2.02634596824646, "mse_test": 0.46343794465065, "mae_test": 0.4881380796432495, "mape_test": 1.5909689664840698}