{"n_batches_test": 84, "t_batches_test": 3.1207826137542725, "mse_test": 0.8020200133323669, "mae_test": 0.7053548693656921, "mape_test": 9.941058158874512}
