{"n_batches_test": 88, "t_batches_test": 1.0713074207305908, "mse_test": 0.21291086077690125, "mae_test": 0.37330374121665955, "mape_test": 1.141417145729065}