{"n_batches_test": 89, "t_batches_test": 0.7064609527587891, "mse_test": 0.3010191023349762, "mae_test": 0.4571745693683624, "mape_test": 0.8751565217971802}