{"n_batches_test": 89, "t_batches_test": 0.6874747276306152, "mse_test": 0.7861573100090027, "mae_test": 0.6940848231315613, "mape_test": 5.434315204620361}