{"n_batches_test": 358, "t_batches_test": 4.315370559692383, "mse_test": 0.4441784918308258, "mae_test": 0.4440511465072632, "mape_test": 2.248356580734253}