{"n_batches_test": 357, "t_batches_test": 8.505186080932617, "mse_test": 0.10263951867818832, "mae_test": 0.26642119884490967, "mape_test": 0.19626528024673462}