{"n_batches_test": 213, "t_batches_test": 5.600770950317383, "mse_test": 0.267011821269989, "mae_test": 0.3843589127063751, "mape_test": 4.924635887145996}