{"n_batches_test": 67, "t_batches_test": 3.0190930366516113, "mse_test": 1.0517916679382324, "mae_test": 0.8241387009620667, "mape_test": 29.77646255493164}