{"n_batches_test": 358, "t_batches_test": 3.0929315090179443, "mse_test": 0.6340659856796265, "mae_test": 0.5513340830802917, "mape_test": 2.332033634185791}