{"n_batches_test": 84, "t_batches_test": 0.9521007537841797, "mse_test": 1.1485763788223267, "mae_test": 0.8748967051506042, "mape_test": 18.99496078491211}