{"n_batches_test": 359, "t_batches_test": 8.736345291137695, "mse_test": 0.37882000207901, "mae_test": 0.42018306255340576, "mape_test": 2.641845941543579}