{"n_batches_test": 67, "t_batches_test": 4.588348627090454, "mse_test": 3.2280282974243164, "mae_test": 1.434552550315857, "mape_test": 4.678934097290039}