{"n_batches_test": 159, "t_batches_test": 7.045347213745117, "mse_test": 0.9241923689842224, "mae_test": 0.7877247929573059, "mape_test": 3.854816198348999}