{"n_batches_test": 196, "t_batches_test": 13.834566593170166, "mse_test": 0.6292319893836975, "mae_test": 0.6018118858337402, "mape_test": 2.3122692108154297}