{"n_batches_test": 88, "t_batches_test": 0.8174121379852295, "mse_test": 1.435093641281128, "mae_test": 1.005589246749878, "mape_test": 9.57952880859375}