{"n_batches_test": 88, "t_batches_test": 0.7438700199127197, "mse_test": 0.28071150183677673, "mae_test": 0.4305607080459595, "mape_test": 0.9764643311500549}