{"n_batches_test": 67, "t_batches_test": 3.020815134048462, "mse_test": 1.1112236976623535, "mae_test": 0.8142049908638, "mape_test": 22.798978805541992}