{"n_batches_test": 67, "t_batches_test": 8.96422290802002, "mse_test": 0.9799265265464783, "mae_test": 0.7891840934753418, "mape_test": 27.787410736083984}
