{"n_batches_test": 208, "t_batches_test": 9.686835765838623, "mse_test": 0.657774031162262, "mae_test": 0.6161428689956665, "mape_test": 2.593273878097534}