{"n_batches_test": 79, "t_batches_test": 9.887334823608398, "mse_test": 0.1407223492860794, "mae_test": 0.2994609475135803, "mape_test": 0.23533955216407776}
