{"n_batches_test": 153, "t_batches_test": 12.899060249328613, "mse_test": 1.0857419967651367, "mae_test": 0.830065906047821, "mape_test": 6.208003520965576}