{"n_batches_test": 89, "t_batches_test": 1.016345500946045, "mse_test": 0.5370349287986755, "mae_test": 0.5374325513839722, "mape_test": 9.615485191345215}
