{"n_batches_test": 88, "t_batches_test": 1.5111849308013916, "mse_test": 0.0899529978632927, "mae_test": 0.23748430609703064, "mape_test": 0.19539731740951538}