{"n_batches_test": 84, "t_batches_test": 1.9842050075531006, "mse_test": 0.13571292161941528, "mae_test": 0.294842928647995, "mape_test": 0.2564437687397003}