{"n_batches_test": 84, "t_batches_test": 11.667534589767456, "mse_test": 2.905339002609253, "mae_test": 1.3995126485824585, "mape_test": 4.540990352630615}
