{"n_batches_test": 162, "t_batches_test": 4.642722845077515, "mse_test": 0.38247448205947876, "mae_test": 0.4430696368217468, "mape_test": 4.354818820953369}