{"n_batches_test": 89, "t_batches_test": 1.5654208660125732, "mse_test": 0.8682039976119995, "mae_test": 0.8722968697547913, "mape_test": 0.6486996412277222}