{"n_batches_test": 84, "t_batches_test": 7.670941352844238, "mse_test": 0.17181183397769928, "mae_test": 0.33854883909225464, "mape_test": 0.24195988476276398}
