{"n_batches_test": 217, "t_batches_test": 4.38007116317749, "mse_test": 0.21713702380657196, "mae_test": 0.34323620796203613, "mape_test": 2.727139711380005}