{"n_batches_test": 79, "t_batches_test": 2.2400856018066406, "mse_test": 0.19841931760311127, "mae_test": 0.3732285797595978, "mape_test": 0.2623700797557831}