{"n_batches_test": 162, "t_batches_test": 3.796998977661133, "mse_test": 0.8977321982383728, "mae_test": 0.7780194282531738, "mape_test": 3.0815510749816895}