{"n_batches_test": 67, "t_batches_test": 2.9245641231536865, "mse_test": 0.17518320679664612, "mae_test": 0.3470897078514099, "mape_test": 0.24177055060863495}