{"n_batches_test": 88, "t_batches_test": 1.4779927730560303, "mse_test": 0.7834606170654297, "mae_test": 0.6881595253944397, "mape_test": 10.645161628723145}
