{"n_batches_test": 89, "t_batches_test": 0.8758156299591064, "mse_test": 0.5085212588310242, "mae_test": 0.5047475695610046, "mape_test": 10.061471939086914}
