{"n_batches_test": 218, "t_batches_test": 5.154348850250244, "mse_test": 0.3964426815509796, "mae_test": 0.43900078535079956, "mape_test": 1.513141393661499}