{"n_batches_test": 357, "t_batches_test": 8.639672756195068, "mse_test": 0.7683180570602417, "mae_test": 0.618232011795044, "mape_test": 2.387885808944702}