{"n_batches_test": 89, "t_batches_test": 0.7891340255737305, "mse_test": 0.6653370261192322, "mae_test": 0.6048234701156616, "mape_test": 9.704423904418945}