{"n_batches_test": 153, "t_batches_test": 13.645946502685547, "mse_test": 0.9411160349845886, "mae_test": 0.792205810546875, "mape_test": 3.6268086433410645}