{"n_batches_test": 213, "t_batches_test": 4.588182210922241, "mse_test": 0.2678183317184448, "mae_test": 0.3935898542404175, "mape_test": 4.08355188369751}