{"n_batches_test": 79, "t_batches_test": 2.999022960662842, "mse_test": 3.5867371559143066, "mae_test": 1.5784746408462524, "mape_test": 6.806554794311523}