{"n_batches_test": 67, "t_batches_test": 3.0159103870391846, "mse_test": 0.07776845246553421, "mae_test": 0.21872088313102722, "mape_test": 0.16633224487304688}