{"n_batches_test": 218, "t_batches_test": 5.601245641708374, "mse_test": 0.14783254265785217, "mae_test": 0.28810060024261475, "mape_test": 3.2433664798736572}