{"n_batches_test": 84, "t_batches_test": 3.212563991546631, "mse_test": 0.8236300945281982, "mae_test": 0.7169685959815979, "mape_test": 14.130155563354492}
