{"n_batches_test": 88, "t_batches_test": 1.8712389469146729, "mse_test": 1.6477632522583008, "mae_test": 1.0905081033706665, "mape_test": 9.25442123413086}
