{"n_batches_test": 67, "t_batches_test": 8.69547152519226, "mse_test": 1.0940017700195312, "mae_test": 0.8655886054039001, "mape_test": 29.18088722229004}
