{"n_batches_test": 84, "t_batches_test": 2.0416293144226074, "mse_test": 0.2744058668613434, "mae_test": 0.44151434302330017, "mape_test": 0.3092805743217468}