{"n_batches_test": 163, "t_batches_test": 22.00446915626526, "mse_test": 1.1795789003372192, "mae_test": 0.8805661797523499, "mape_test": 4.016834735870361}