{"n_batches_test": 163, "t_batches_test": 5.1379783153533936, "mse_test": 0.4774927794933319, "mae_test": 0.5063725113868713, "mape_test": 5.778323173522949}
