{"n_batches_test": 163, "t_batches_test": 5.178069353103638, "mse_test": 0.6346523761749268, "mae_test": 0.5843136310577393, "mape_test": 6.829834938049316}{"n_batches_test": 163, "t_batches_test": 5.1379783153533936, "mse_test": 0.4774927794933319, "mae_test": 0.5063725113868713, "mape_test": 5.778323173522949}