{"n_batches_train": 3414, "t_batches_train": 272.45896577835083, "peak_mem_usage_train": 4988.0, "num_params": 20600129}{"n_batches_train": 3414, "t_batches_train": 285.7012219429016, "peak_mem_usage_train": 6667.0, "num_params": 20600129}