{"n_batches_test": 67, "t_batches_test": 4.444256544113159, "mse_test": 3.3129546642303467, "mae_test": 1.54159414768219, "mape_test": 12.186339378356934}