{"n_batches_test": 79, "t_batches_test": 11.019784927368164, "mse_test": 3.5151572227478027, "mae_test": 1.5351946353912354, "mape_test": 6.3363142013549805}
