{"n_batches_test": 89, "t_batches_test": 5.681782960891724, "mse_test": 0.13454176485538483, "mae_test": 0.31403762102127075, "mape_test": 0.2268199324607849}
