{"n_batches_test": 84, "t_batches_test": 1.071185827255249, "mse_test": 0.842266321182251, "mae_test": 0.7172781229019165, "mape_test": 15.36263370513916}