{"n_batches_test": 84, "t_batches_test": 2.834120035171509, "mse_test": 1.8073185682296753, "mae_test": 1.134824275970459, "mape_test": 5.616889476776123}