{"n_batches_test": 339, "t_batches_test": 13.43512749671936, "mse_test": 1.2866538763046265, "mae_test": 0.8744704723358154, "mape_test": 2.4422032833099365}