{"n_batches_test": 89, "t_batches_test": 0.8024165630340576, "mse_test": 0.5869216322898865, "mae_test": 0.5704975128173828, "mape_test": 8.721149444580078}