{"n_batches_test": 359, "t_batches_test": 2.8193442821502686, "mse_test": 0.6065990924835205, "mae_test": 0.7468003630638123, "mape_test": 0.5663641691207886}