{"n_batches_test": 141, "t_batches_test": 21.289318323135376, "mse_test": 0.9474214315414429, "mae_test": 0.7948837280273438, "mape_test": 3.7366714477539062}