{"n_batches_test": 218, "t_batches_test": 3.880824565887451, "mse_test": 0.40402650833129883, "mae_test": 0.4424254298210144, "mape_test": 1.3951671123504639}